{"default": {"objective": 0.12060553570081782, "bias": -0.1660594668058379, "performance": 0.7406389498367264}, "random": {"objective": 0.20233241866675186, "bias": -0.0012268341181017684, "performance": 0.7254457817098553}, "ROC": {"objective": 0.22499736408275162, "bias": -0.04188596365142381, "performance": 0.6346828290406712}, "EqOdds": {"objective": 0.17072016635872989, "bias": 0.019642948616299245, "performance": 0.6548289825237584}, "adversarial": {"objective": 0.042029890047473054, "bias": -0.20242302011877036, "performance": 0.7020753326417503}, "mitigating": {"objective": 0.21792404496164205, "bias": -0.06039445930075004, "performance": 0.7014586573315549}, "biasGrad": {"objective": 0.12324533612353247, "bias": -0.13989955500922938, "performance": 0.732530239544556}, "pruning": {"objective": 0.23661180317065159, "bias": 0.02974259224974283, "performance": 0.7581239487370339}, "config": {"seed": [42, 73, 666, 777, 1009, 1279, 1597, 1811, 1949, 2053, 2129, 2287, 2617, 2741, 2903, 3079, 3257, 3413, 3571, 3727], "experiment_name": "mimic_cxr_ethnicity_eod", "dataset": "chestxray_mimic", "protected": "ethnicity", "priv_class": "WHITE", "unpriv_class": "HISPANIC/LATINO", "prot_ratio": 0.75, "disease": "Pneumonia", "metric": "eod", "acc_metric": "balanced_accuracy", "modelpath": "chestxray_mimic_pneumonia_0_75_ethnicity_vgg", "num_workers": 2, "objective": {"sharpness": 500.0, "epsilon": 0.05}, "models": ["default", "ROC", "EqOdds", "random", "adversarial", "mitigating", "pruning", "biasGrad"], "default": {"batch_size": 32, "n_epochs": 20, "arch": "vgg", "pretrained": true}, "random": {"num_trials": 101, "stddev": 0.1, "margin": 0.01}, "adversarial": {"num_deep": 3, "lr": 0.0001, "epochs": 4, "lambda": 0.75, "critic_steps": 201, "batch_size": 64, "actor_steps": 101, "sharpness": 300.0, "margin": 0.01}, "mitigating": {"n_epochs": 20, "lbda": 0.5, "batch_size": 32}, "pruning": {"dynamic": true, "step_size": 1500, "max_steps": 10, "stop_early": true, "batch_size": 80, "obj_lb": 0.55}, "biasGrad": {"lr": 7.5e-06, "n_epochs": 8, "batch_size": 32, "margin": 0.01, "n_evals": 8, "obj_lb": 0.55}}}