{"default": {"objective": 0.14878922121148386, "bias": 0.09901538664359974, "performance": 0.7017356742099332}, "random": {"objective": 0.2857194543083833, "bias": -0.022295316587556534, "performance": 0.6448408465309423}, "ROC": {"objective": 0.18905033770001112, "bias": 0.011030052193284966, "performance": 0.6897846352845142}, "EqOdds": {"objective": 0.2295827241389842, "bias": -0.020438379428692754, "performance": 0.6522918405257049}, "adversarial": {"objective": 0.23897276657291958, "bias": -0.009439141540634698, "performance": 0.7321003558767035}, "mitigating": {"objective": 0.518487046675886, "bias": 0.0, "performance": 0.518487046675886}, "biasGrad": {"objective": 0.17016885630255524, "bias": 0.08956564776259429, "performance": 0.6809789302699325}, "pruning": {"objective": 0.14478554970190605, "bias": -0.000750345736950121, "performance": 0.6791830374635178}, "config": {"seed": [42, 73, 666, 777, 1009, 1279, 1597, 1811, 1949, 2053, 2129, 2287, 2617, 2741, 2903, 3079, 3257, 3413, 3571, 3727], "experiment_name": "mimic_cxr_ethnicity_eod", "dataset": "chestxray_mimic", "protected": "ethnicity", "priv_class": "WHITE", "unpriv_class": "HISPANIC/LATINO", "prot_ratio": 0.75, "disease": "Pneumonia", "metric": "eod", "acc_metric": "balanced_accuracy", "modelpath": "chestxray_mimic_pneumonia_0_75_ethnicity_vgg", "num_workers": 2, "objective": {"sharpness": 500.0, "epsilon": 0.05}, "models": ["default", "ROC", "EqOdds", "random", "adversarial", "mitigating", "pruning", "biasGrad"], "default": {"batch_size": 32, "n_epochs": 20, "arch": "vgg", "pretrained": true}, "random": {"num_trials": 101, "stddev": 0.1, "margin": 0.01}, "adversarial": {"num_deep": 3, "lr": 0.0001, "epochs": 4, "lambda": 0.75, "critic_steps": 201, "batch_size": 64, "actor_steps": 101, "sharpness": 300.0, "margin": 0.01}, "mitigating": {"n_epochs": 20, "lbda": 0.5, "batch_size": 32}, "pruning": {"dynamic": true, "step_size": 1500, "max_steps": 10, "stop_early": true, "batch_size": 80, "obj_lb": 0.55}, "biasGrad": {"lr": 7.5e-06, "n_epochs": 8, "batch_size": 32, "margin": 0.01, "n_evals": 8, "obj_lb": 0.55}}}