{"default": {"objective": 0.7256944444444444, "bias": -0.03552123552123554, "performance": 0.7256944444444444}, "random": {"objective": 0.673611111111111, "bias": 0.00617760617760621, "performance": 0.673611111111111}, "ROC": {"objective": 0.7118055555555556, "bias": -0.03397683397683393, "performance": 0.7118055555555556}, "EqOdds": {"objective": 0.71875, "bias": 0.018532818532818518, "performance": 0.71875}, "adversarial": {"objective": 0.7083333333333333, "bias": -0.02779922779922772, "performance": 0.7083333333333333}, "mitigating": {"objective": 0.6736111111111112, "bias": -0.044787644787644854, "performance": 0.6736111111111112}, "biasGrad": {"objective": 0.7465277777777777, "bias": 0.020077220077220126, "performance": 0.7465277777777777}, "pruning": {"objective": 0.7222222222222222, "bias": 0.01698841698841702, "performance": 0.7222222222222222}, "config": {"seed": [42, 73, 666, 777, 1009, 1279, 1597, 1811, 1949, 2053, 2129, 2287, 2617, 2741, 2903, 3079, 3257, 3413, 3571, 3727], "experiment_name": "mimic_cxr_ethnicity_eod", "dataset": "chestxray_mimic", "protected": "ethnicity", "priv_class": "WHITE", "unpriv_class": "HISPANIC/LATINO", "prot_ratio": 0.75, "disease": "Pneumonia", "metric": "eod", "acc_metric": "balanced_accuracy", "modelpath": "chestxray_mimic_pneumonia_0_75_ethnicity_vgg", "num_workers": 2, "objective": {"sharpness": 500.0, "epsilon": 0.05}, "models": ["default", "ROC", "EqOdds", "random", "adversarial", "mitigating", "pruning", "biasGrad"], "default": {"batch_size": 32, "n_epochs": 20, "arch": "vgg", "pretrained": true}, "random": {"num_trials": 101, "stddev": 0.1, "margin": 0.01}, "adversarial": {"num_deep": 3, "lr": 0.0001, "epochs": 4, "lambda": 0.75, "critic_steps": 201, "batch_size": 64, "actor_steps": 101, "sharpness": 300.0, "margin": 0.01}, "mitigating": {"n_epochs": 20, "lbda": 0.5, "batch_size": 32}, "pruning": {"dynamic": true, "step_size": 1500, "max_steps": 10, "stop_early": true, "batch_size": 80, "obj_lb": 0.55}, "biasGrad": {"lr": 7.5e-06, "n_epochs": 8, "batch_size": 32, "margin": 0.01, "n_evals": 8, "obj_lb": 0.55}}}