{"default": {"objective": 0.1598237539091067, "bias": -0.02672872452667365, "performance": 0.7359011508139808}, "random": {"objective": 0.32692353378865385, "bias": -0.05902947255697152, "performance": 0.7217471605219782}, "ROC": {"objective": 0.26759066832481815, "bias": -0.035227827964653596, "performance": 0.7462171346615498}, "EqOdds": {"objective": 0.19402624559579998, "bias": 0.04230230093249331, "performance": 0.7160116498563553}, "adversarial": {"objective": 0.1574737328298737, "bias": -0.1527324802807118, "performance": 0.795151258893221}, "mitigating": {"objective": 0.2238751665640597, "bias": -0.03414673037438265, "performance": 0.6559283331828973}, "biasGrad": {"objective": 0.25194220304524, "bias": 0.028516179507284228, "performance": 0.707211184737062}, "pruning": {"objective": 0.20364850781050112, "bias": 0.032305808238507004, "performance": 0.6962565444541893}, "config": {"seed": [42, 73, 666, 777, 1009, 1279, 1597, 1811, 1949, 2053, 2129, 2287, 2617, 2741, 2903, 3079, 3257, 3413, 3571, 3727], "experiment_name": "mimic_cxr_ethnicity_eod", "dataset": "chestxray_mimic", "protected": "ethnicity", "priv_class": "WHITE", "unpriv_class": "HISPANIC/LATINO", "prot_ratio": 0.75, "disease": "Pneumonia", "metric": "eod", "acc_metric": "balanced_accuracy", "modelpath": "chestxray_mimic_pneumonia_0_75_ethnicity_vgg", "num_workers": 2, "objective": {"sharpness": 500.0, "epsilon": 0.05}, "models": ["default", "ROC", "EqOdds", "random", "adversarial", "mitigating", "pruning", "biasGrad"], "default": {"batch_size": 32, "n_epochs": 20, "arch": "vgg", "pretrained": true}, "random": {"num_trials": 101, "stddev": 0.1, "margin": 0.01}, "adversarial": {"num_deep": 3, "lr": 0.0001, "epochs": 4, "lambda": 0.75, "critic_steps": 201, "batch_size": 64, "actor_steps": 101, "sharpness": 300.0, "margin": 0.01}, "mitigating": {"n_epochs": 20, "lbda": 0.5, "batch_size": 32}, "pruning": {"dynamic": true, "step_size": 1500, "max_steps": 10, "stop_early": true, "batch_size": 80, "obj_lb": 0.55}, "biasGrad": {"lr": 7.5e-06, "n_epochs": 8, "batch_size": 32, "margin": 0.01, "n_evals": 8, "obj_lb": 0.55}}}