{"default": {"objective": 0.6557700745941202, "bias": -0.012820512820512775, "performance": 0.6557700745941202}, "random": {"objective": 0.0, "bias": -0.09971509971509968, "performance": 0.6094778411584028}, "ROC": {"objective": 0.5989469065379552, "bias": -0.005698005698005715, "performance": 0.5989469065379552}, "EqOdds": {"objective": 0.0, "bias": 0.13532763532763536, "performance": 0.5831505046072839}, "adversarial": {"objective": 0.0, "bias": 0.09116809116809121, "performance": 0.661035541904344}, "mitigating": {"objective": 0.0, "bias": 0.3974358974358974, "performance": 0.7292672224659938}, "biasGrad": {"objective": 0.6013602457218078, "bias": 0.019943019943019946, "performance": 0.6013602457218078}, "pruning": {"objective": 0.0, "bias": -0.131054131054131, "performance": 0.6013602457218078}, "config": {"seed": [42, 73, 666, 777, 1009, 1279, 1597, 1811, 1949, 2053, 2129, 2287, 2617, 2741, 2903, 3079, 3257, 3413, 3571, 3727], "experiment_name": "mimic_cxr_ethnicity_eod", "dataset": "chestxray_mimic", "protected": "ethnicity", "priv_class": "WHITE", "unpriv_class": "HISPANIC/LATINO", "prot_ratio": 0.75, "disease": "Pneumonia", "metric": "eod", "acc_metric": "balanced_accuracy", "modelpath": "chestxray_mimic_pneumonia_0_75_ethnicity_vgg", "num_workers": 2, "objective": {"sharpness": 500.0, "epsilon": 0.05}, "models": ["default", "ROC", "EqOdds", "random", "adversarial", "mitigating", "pruning", "biasGrad"], "default": {"batch_size": 32, "n_epochs": 20, "arch": "vgg", "pretrained": true}, "random": {"num_trials": 101, "stddev": 0.1, "margin": 0.01}, "adversarial": {"num_deep": 3, "lr": 0.0001, "epochs": 4, "lambda": 0.75, "critic_steps": 201, "batch_size": 64, "actor_steps": 101, "sharpness": 300.0, "margin": 0.01}, "mitigating": {"n_epochs": 20, "lbda": 0.5, "batch_size": 32}, "pruning": {"dynamic": true, "step_size": 1500, "max_steps": 10, "stop_early": true, "batch_size": 80, "obj_lb": 0.55}, "biasGrad": {"lr": 7.5e-06, "n_epochs": 8, "batch_size": 32, "margin": 0.01, "n_evals": 8, "obj_lb": 0.55}}}