{"default": {"objective": 0.007748741773132018, "bias": 0.3210323692406817, "performance": 0.7530984090145746}, "random": {"objective": 0.15618003655048915, "bias": 0.08948055161765683, "performance": 0.7205422763465301}, "ROC": {"objective": 0.3180219375566961, "bias": 0.03969498040969075, "performance": 0.7599390360685042}, "EqOdds": {"objective": 0.1553102554547838, "bias": 0.0007900997010387284, "performance": 0.6490671335471987}, "adversarial": {"objective": 0.03247122942980353, "bias": 0.29649183419959857, "performance": 0.6613017234379543}, "mitigating": {"objective": 0.29245594115003165, "bias": 0.02842447750328246, "performance": 0.7347924587298665}, "biasGrad": {"objective": 0.0705646480751234, "bias": -0.13313522096932556, "performance": 0.6301712200432644}, "pruning": {"objective": 0.25312845604850437, "bias": -0.02655641505849629, "performance": 0.771096646704343}, "config": {"seed": [42, 73, 666, 777, 1009, 1279, 1597, 1811, 1949, 2053, 2129, 2287, 2617, 2741, 2903, 3079, 3257, 3413, 3571, 3727], "experiment_name": "mimic_cxr_ethnicity_eod", "dataset": "chestxray_mimic", "protected": "ethnicity", "priv_class": "WHITE", "unpriv_class": "HISPANIC/LATINO", "prot_ratio": 0.75, "disease": "Pneumonia", "metric": "eod", "acc_metric": "balanced_accuracy", "modelpath": "chestxray_mimic_pneumonia_0_75_ethnicity_vgg", "num_workers": 2, "objective": {"sharpness": 500.0, "epsilon": 0.05}, "models": ["default", "ROC", "EqOdds", "random", "adversarial", "mitigating", "pruning", "biasGrad"], "default": {"batch_size": 32, "n_epochs": 20, "arch": "vgg", "pretrained": true}, "random": {"num_trials": 101, "stddev": 0.1, "margin": 0.01}, "adversarial": {"num_deep": 3, "lr": 0.0001, "epochs": 4, "lambda": 0.75, "critic_steps": 201, "batch_size": 64, "actor_steps": 101, "sharpness": 300.0, "margin": 0.01}, "mitigating": {"n_epochs": 20, "lbda": 0.5, "batch_size": 32}, "pruning": {"dynamic": true, "step_size": 1500, "max_steps": 10, "stop_early": true, "batch_size": 80, "obj_lb": 0.55}, "biasGrad": {"lr": 7.5e-06, "n_epochs": 8, "batch_size": 32, "margin": 0.01, "n_evals": 8, "obj_lb": 0.55}}}